にゃんこ軍団,
進化！にゃんこ軍団,
アフター５,
スプリングパワー,
ホゲー,
デスロック,
魔女っ娘,
ウイリアムテル,
ポクポクチーン,
少年ニャンプ,
朝食セット,
ねこの館,
アイラブジャパン,
ホームエレクトリック,
日光浴,
パタパタ,
王子さまぁ,
４本の槍,
妖怪退散,！
斧の達人,
みかんとリンゴ,
O・ZI・GI,
アイドル志望,
バイクツーリング,
知能犯,
眼帯ズ,
高みの見物,
ヘッドショット,
ブラパンツ,
金は天下の回りもの,
スーパースター,
オハナガサイタ,
北風と太陽,
フェイスペイント,
美女,
月と太陽,
ヒーローズ,
ダークヒーローズ,
西遊記,
カウボーイ,
ラスボス,
定期メンテナンス,
超進化！にゃんこ軍団,
２人でぴょんぴょん,
ビューティバスト,
戦国ライバル,
サイエンスフィクション,
ビューティフルレッグス,
美術教室,
ホゲーー,
お魚天国,
暴風一家,
進撃の狂乱ネコ,
モヒカン愛好家,
未確認飛行物体,
ロボトモ,
マッチョマン,
風神雷神,
ノースリーブズ,
銃撃戦,
４人でぴょんぴょん,
操り職人,
うちわの使い手,
キング ＆ クイーン,
古代勇者,
ウルトラソウルズ,
伝説のネコルガ一族,
大皇帝,
超激ダイナマイツ,
初代・武神バサラーズ,
ダブルデート,
なまけ者たち,
うーらーめーしーにゃ,
進化！進撃の狂乱ネコ,
暗黒の力,
キモモモ,
株式会社にゃんこ,
恋の季節,
セクシーバスタイム,
露出狂,
花見,
和定食,
ホラー映画,
鬼と呼ばれて,
伝統芸能,
スポーツ女子,
ジェントルマン,
風車,
ロングネック,
ダンサーズ,
お薬出しておきますね,
驚愕のネコルガ一族,
ノスタルジー,
グッジョブ,
サーティーン,
ネーーーコボンボン,
地上の皇帝,
焼きリンゴ,
ウサギとカメ,
運び屋と闇商人,
人形師協会会員,
究極降臨,
ラブアロー,
冥界の力,
にゃんこ支援隊,
コスプレイヤー,
ぺろきゃん愛好家,
ツンツンツン,
師範といっしょ,
3匹の王,
お子様セット,
乙女,
チームヘッドバンギング,
金銀銅,
ファイブハーツ,
絶対領域,
子だくさん,
大道芸猫,
食用,
スイーツ,
ふんどし祭,
ヘルメット部隊,
スタジオニャブリ,
百鬼夜行,
湘南の海,
酒乱若人,
にゃんこ軍団,
アフター５,
ホゲー,
デスロック,
アイラブジャパン,
日光浴,
パタパタ,
斧の達人,
みかんとリンゴ,
O・ZI・GI,
アイドル志望,
バイクツーリング,
ブラパンツ,
オハナガサイタ,
子ネコの友情,
カウボーイ,
人形師協会会員,
２人でぴょんぴょん,
救いの手,
フォーリンラヴ,
カエルの王子様,
孫という名の宝物,
舞台の上では平気なの,
バイオハザード,
真夏の太陽,
トナカイのプレゼント,
銀幕のスター,
アシナガおじさん,
宴会部長,
グッジョブ,
サーティーン,
ネーーーコボンボン,
進撃のちびネコ,
サイエンスフィクション,
ビューティフルレッグス,
美術教室,
ホゲーー,
お魚天国,
暴風一家,
モヒカン愛好家,
未確認飛行物体,
ロボトモ,
マッチョマン,
４人でぴょんぴょん,
操り職人,
キング ＆ クイーン,
ザ・ニンジャ,
中二病,
デュエット,
火の用心,
豚丼,
ネコの前で見せる笑顔,
獅子王,
モモとバナナ,
本能寺の怨念,
暑い日も涼しく,
アポロ,
ほねほねボーン,
騎士道と菓子道,
昼ドラで競演,
ネコ＆タンクネコ,
はちまき,
ムチ使い,
仮面舞踏会,
進撃の狂乱ネコ,
暗黒の力,
キモモモ,
株式会社にゃんこ,
恋の季節,
露出狂,
花見,
和定食,
鬼と呼ばれて,
伝統芸能,
スポーツ女子,
ジェントルマン,
風車,
ロングネック,
ダンサーズ,
お薬出しておきますね,
ホラー映画,
にゃんこ学園,
槍試合,
心がぴょんぴょん,
ぺろきゃん愛好家,
師範といっしょ,
3匹の王,
乙女,
チームヘッドバンギング,
大道芸猫,
スイーツ,
ツンツンツン,
昨日の敵は今日の友,
パンチパンチパンチ！,
戦闘狂の集い,
変態紳士に天罰を,
二人一組,
ダブルタイフーン,
風のイタズラ,
IT系,
空中偵察部隊,
タイホしちゃうぞ☆,
にゃんこサーカス,
チェックのスカート,
ダブルデート,
なまけ者たち,
うーらーめーしーにゃ,
ふんどし祭,
スタジオニャブリ,
カボチャパンツ,
百鬼夜行,
酒乱若人,
恐竜時代,
おもちゃのチャチャチャ,
庶民と金持ち,
コイの滝登り,
龍退治ごっこ,
天地の怒り,
お騒がせメカ,
Wバズーカ,
ライバル宣言,
韋駄天トリオ,
一斉掃射,
鋼の救世主,
銀河を駆ける,
雷に打たれて,
首なしスタイル,
南国諸島,
犬神様,
風林火山,
呪われた力,
スパイ活動,
愛に生きる者,
犬猿の仲,
空への憧れ,
神へのお供え,
聖なる力,
暗殺者コンビ,
オシャレ笠,
腕自慢,
ぐるぐる大回転,
商売繁盛祈願,
最高の友達,
飲食業,
出張辞令,
真夏の甲子園,
ガーデニング,
名誉の負傷,
魚群発見！！,
ペダリング,
全国大会出場,
撮り鉄,
純喫茶,
ブラック＆ホワイト,
海底財宝発掘命令,
人工知能,
最強格闘技決定戦,
氷上競技,
大剣両断,
感謝御礼,
今度こそ君を幸せに,
ミラクルライブ！,
焼きマシュマロ,
土砂降りに唄えば,
爆風ときどき竜巻,
暴走高圧バッテリー,
完全一心同体,
温泉卵,
浮気調査,
バイト仲間,
まろはネコでおじゃる,
伸縮性と弾力性,
数の暴力,
薄着コーデ,
大炎上,
終末世界,
振袖選手権,
食べ盛り育ち盛り,
古龍と子竜,
運命の車輪（ロンド）,
インディペンデンスな日,
とれたてピッチピチ,
ほこ×たて,
相棒,
悪に染まりし者達,
猫耳は正義,
先生になりたいでにゃ～る,
回っております,
ボンボンネコボンネコボンボン,
忍法お色気の術,
あした天気になーれ,
おさけは二十歳になってから,
魔女裁判,
モーニングパンツ,
									